{"stats":{"minecraft:custom":{"minecraft:mob_kills":15,"minecraft:leave_game":8,"minecraft:time_since_death":335497,"minecraft:climb_one_cm":24,"minecraft:time_since_rest":335497,"minecraft:sprint_one_cm":21770,"minecraft:damage_taken":240,"minecraft:walk_one_cm":1375455,"minecraft:drop":39,"minecraft:damage_dealt":977,"minecraft:fly_one_cm":4353959,"minecraft:crouch_one_cm":3550,"minecraft:play_time":416286,"minecraft:deaths":3,"minecraft:sneak_time":28669,"minecraft:walk_under_water_one_cm":6071,"minecraft:jump":283,"minecraft:walk_on_water_one_cm":13992,"minecraft:total_world_time":417556},"minecraft:picked_up":{"minecraft:feather":1,"minecraft:ladder":3,"reignofnether:falling_oak_log":1,"minecraft:lantern":6,"minecraft:bell":1,"minecraft:cooked_chicken":1,"minecraft:egg":1,"minecraft:stick":17,"minecraft:redstone_ore":1,"minecraft:spruce_button":5,"minecraft:oak_sapling":11},"minecraft:dropped":{"minecraft:redstone_ore":1,"minecraft:ancient_debris":6,"minecraft:cooked_chicken":1,"minecraft:oak_log":231,"minecraft:feather":1,"minecraft:grass_block":1,"reignofnether:falling_oak_log":1,"minecraft:stick":15,"minecraft:oak_sapling":10,"minecraft:redstone":1},"minecraft:used":{"minecraft:chiseled_deepslate":4,"minecraft:turtle_spawn_egg":10,"minecraft:calcite":4,"minecraft:water_bucket":242,"minecraft:oak_trapdoor":12,"minecraft:moss_block":4,"minecraft:mossy_stone_bricks":4,"minecraft:chiseled_polished_blackstone":4,"reignofnether:brute_unit_spawn_egg":1,"minecraft:petrified_oak_slab":85,"minecraft:trident":25,"reignofnether:villager_unit_spawn_egg":1,"minecraft:iron_bars":9,"reignofnether:hoglin_unit_spawn_egg":1,"minecraft:red_sand":4,"minecraft:oak_planks":127,"minecraft:cracked_deepslate_bricks":4,"reignofnether:grunt_unit_spawn_egg":1,"minecraft:polished_deepslate":1503,"minecraft:red_nether_bricks":4,"minecraft:flint_and_steel":12,"minecraft:melon":17,"reignofnether:zombie_unit_spawn_egg":1,"minecraft:smooth_quartz_slab":64,"minecraft:redstone_ore":1,"minecraft:red_concrete":17,"reignofnether:zombie_villager_unit_spawn_egg":1,"minecraft:prismarine":5,"minecraft:poppy":11,"minecraft:ladder":20,"minecraft:oak_sign":5,"minecraft:mycelium":4,"minecraft:light_blue_terracotta":4,"reignofnether:stray_unit_spawn_egg":1,"minecraft:sandstone":4,"minecraft:cut_sandstone":4,"minecraft:red_mushroom_block":6,"minecraft:grass":99,"minecraft:sheep_spawn_egg":88,"minecraft:chiseled_nether_bricks":4,"minecraft:cobblestone_slab":28,"minecraft:deepslate_bricks":5,"minecraft:cracked_stone_bricks":4,"minecraft:green_terracotta":10,"minecraft:polished_blackstone_bricks":4,"minecraft:oak_leaves":156,"minecraft:soul_campfire":4,"minecraft:torch":37,"minecraft:chiseled_red_sandstone":4,"minecraft:diamond_block":4,"minecraft:dirt":139,"minecraft:lime_terracotta":477,"minecraft:sand":4,"minecraft:ancient_debris":12,"reignofnether:iron_golem_unit_spawn_egg":1,"minecraft:tnt":18,"minecraft:stone_brick_wall":10,"minecraft:nether_bricks":4,"minecraft:oak_wood":151,"minecraft:smooth_red_sandstone":4,"minecraft:yellow_concrete":11,"reignofnether:creeper_unit_spawn_egg":1,"minecraft:cracked_deepslate_tiles":4,"reignofnether:warden_unit_spawn_egg":2,"reignofnether:pillager_unit_spawn_egg":1,"minecraft:purple_terracotta":491,"minecraft:tuff":4,"minecraft:dripstone_block":4,"reignofnether:falling_oak_log":6,"minecraft:granite":4,"minecraft:blue_concrete":23,"minecraft:warped_planks":2,"reignofnether:husk_unit_spawn_egg":1,"minecraft:mushroom_stem":2,"minecraft:obsidian":12,"minecraft:fern":14,"minecraft:warden_spawn_egg":10,"minecraft:deepslate_tiles":4,"minecraft:oak_log":176,"minecraft:polished_blackstone_slab":3,"minecraft:oxeye_daisy":10,"minecraft:mud":4,"minecraft:stone_brick_slab":16,"reignofnether:drowned_unit_spawn_egg":1,"reignofnether:evoker_unit_spawn_egg":1,"minecraft:red_sandstone":4,"minecraft:black_concrete":11,"minecraft:cornflower":11,"reignofnether:silverfish_unit_spawn_egg":1,"minecraft:coal_ore":13,"minecraft:bricks":4,"reignofnether:wither_skeleton_unit_spawn_egg":1,"minecraft:chiseled_sandstone":4,"minecraft:crying_obsidian":4,"minecraft:deepslate_iron_ore":8,"minecraft:cracked_polished_blackstone_bricks":4,"minecraft:iron_block":4,"minecraft:grass_block":1853,"minecraft:rooted_dirt":4,"reignofnether:enderman_unit_spawn_egg":71,"minecraft:barrier":21,"minecraft:smooth_sandstone":5,"reignofnether:skeleton_unit_spawn_egg":1,"minecraft:warped_nylium":82,"minecraft:cracked_nether_bricks":4,"reignofnether:headhunter_unit_spawn_egg":1,"minecraft:stone_slab":582,"minecraft:red_terracotta":4,"reignofnether:witch_unit_spawn_egg":1,"minecraft:cut_red_sandstone":5,"minecraft:deepslate":1020,"reignofnether:poison_spider_unit_spawn_egg":1,"reignofnether:ravager_unit_spawn_egg":1,"minecraft:polished_andesite_slab":2,"minecraft:crimson_nylium":1,"minecraft:stone_bricks":16,"minecraft:soul_lantern":4,"minecraft:evoker_spawn_egg":36,"minecraft:blaze_spawn_egg":1,"minecraft:bedrock":4,"reignofnether:ghast_unit_spawn_egg":1,"minecraft:chiseled_stone_bricks":4,"minecraft:nether_wart_block":4,"minecraft:dolphin_spawn_egg":35,"minecraft:wooden_sword":6,"reignofnether:zoglin_unit_spawn_egg":2,"minecraft:cobblestone":20,"reignofnether:blaze_unit_spawn_egg":1,"reignofnether:vindicator_unit_spawn_egg":1,"minecraft:oak_sapling":18,"minecraft:podzol":47,"minecraft:deepslate_coal_ore":19,"reignofnether:zombie_piglin_unit_spawn_egg":1,"minecraft:glass_pane":202,"minecraft:smooth_stone_slab":846,"minecraft:dandelion":11,"minecraft:coarse_dirt":73,"reignofnether:spider_unit_spawn_egg":1,"minecraft:pumpkin":9,"minecraft:brown_mushroom_block":18,"minecraft:orange_terracotta":4,"minecraft:smooth_stone":380,"minecraft:bone_meal":83,"minecraft:soul_torch":4,"minecraft:iron_ore":17},"minecraft:killed":{"reignofnether:villager_unit":3,"minecraft:chicken":3,"reignofnether:pillager_unit":1,"minecraft:cow":1}},"DataVersion":3120}